CatalogNo,FileName,SyllableNumber,Category,Subcategory,ClusterNo,ClusterNoAdjusted
105316,105316 s1 bout,25,downup,short,1,1
13618.1,13618.1 bout,29,downup,short,1,1
15441,15441 s1 bout,41,downup,short,1,1
1_395655442_4_27_13_3_42,1_395655442_4_27_13_3_42 bout,107,downup,short,1,1
1_395667424_4_28_17_49_4,1_395667424_4_28_17_49_4 bout,208,downup,short,1,1
2053,2053 bout,213,downup,short,1,1
22880,22880 s1 bout,219,downup,short,1,1
10903,10903 bout,228,downup,short,1,1
273.8.9,273.8.9 bout,241,downup,short,1,1
3328.5.6,3328.5.6 bout,270,downup,short,1,1
3663,3663 bout,302,downup,short,1,1
10937,10937 bout,320,downup,short,1,1
4208,4208 bout,335,downup,short,1,1
5880.5.6,5880.5.6 bout,367,downup,short,1,1
6613,6613 bout,386,downup,short,1,1
7086,7086 bout,402,downup,short,1,1
8488.1.3,8488.1.3 bout,466,downup,short,1,1
8591,8591 bout,470,downup,short,1,1
9709bPufftonnewLI,9709bPufftonnewLI bout,509,downup,short,1,1
11686.1.4,11686.1.4 bout,517,downup,short,1,1
9938,9938 bout,539,downup,short,1,1
12a,12a bout,581,downup,short,1,1
11970.1.2,11970.1.2 bout,599,downup,short,1,1
29405651,29405651_b7of10_bird1,627,downup,short,1,1
53021931,53021931_b2of2,647,downup,short,1,1
54245591,54245591_b1of1,653,downup,short,1,1
56682831,56682831_b1of2,678,downup,short,1,1
58237601,58237601_b3of9,691,downup,short,1,1
22881,22881_44k_b1of3,725,downup,short,1,1
179382,179382_44k_b4of8,767,downup,short,1,1
XC16984,XC16984_b5of7,799,downup,short,1,1
XC102952,XC102952_b1of5,812,downup,short,1,1
XC314922,XC314922_b3of6,895,downup,short,1,1
75281061,75281061_b5of6,943,downup,short,1,1
15434,15434_b9of32,957,downup,short,1,1
31,31 s1 bout,256,downup,short,2,2
11898,11898 bout,522,downup,short,2,2
55863891,55863891_b1of3,670,downup,short,2,2
XC125194,XC125194_b20of41,833,downup,short,2,2
10651.3.4,10651.3.4 bout,28,downup,long,3,3
15467.8.9,15467.8.9 bout,45,downup,long,3,3
15912.3.5,15912.3.5 bout,49,downup,long,3,3
107969,107969 s1 bout,222,downup,long,3,3
2645.1,2645.1 bout,239,downup,long,3,3
29060,29060 bout,246,downup,long,3,3
29345,29345 bout,249,downup,long,3,3
4128.1.2,4128.1.2 bout,331,downup,long,3,3
7083,7083 bout,401,downup,long,3,3
8147,8147 bout,453,downup,long,3,3
12274.1.2,12274.1.2 bout,571,downup,long,3,3
9028.1.4,9028.1.4_b2of2,601,downup,long,3,3
59078691,59078691_b3of7,694,downup,long,3,3
XC104707,XC104707_b1of7,813,downup,long,3,3
XC125188,XC125188_b6of9,830,downup,long,3,3
XC163938,XC163938_b1of2,848,downup,long,3,3
15430,15430_b6of7,955,downup,long,3,3
15437,15437 s1 bout,38,downup,long,4,4
1_395645442_4_26_13_3_40,1_395645442_4_26_13_3_40 bout,96,downup,long,4,4
106965,106965 s1 bout,127,downup,long,4,4
1_395664260_4_28_10_13_30,1_395664260_4_28_10_13_30 bout,161,downup,long,4,4
1_395667381_4_28_17_42_52,1_395667381_4_28_17_42_52 bout,204,downup,long,4,4
10895,10895 bout,225,downup,long,4,4
797.3.8,797.3.8 bout,440,downup,long,4,4
9207,9207 bout,481,downup,long,4,4
9708bQuabbinRR,9708bQuabbinRR bout,505,downup,long,4,4
9709bQuabbinSkew,9709bQuabbinSkew bout,513,downup,long,4,4
64240,64240_44k_b3of5,733,downup,long,4,4
206449,206449_44k_b6of10,779,downup,long,4,4
XC189062,XC189062_b1of2,860,downup,long,4,4
11328.2.5,11328.2.5 bout,423,downup,short,5,5
Boston20a,Boston20a bout,548,downup,long,5,5
64041271,64041271_b6of9,929,downup,long,5,5
4609.8.9,4609.8.9 bout,349,downup,similar,6,6
7013.1.7,7013.1.7 bout,398,downup,similar,6,6
12190,12190 bout,570,downup,similar,6,6
64242,64242_44k_b5of6,734,downup,similar,6,6
XC31306,XC31306_b1of4,803,downup,similar,6,6
XC313880,XC313880_b1of2,894,downup,similar,6,6
XC326776,XC326776_b2of6,909,downup,similar,6,6
17449,17449 bout,74,downup,similar,7,7
1_395645368_4_26_12_53_4,1_395645368_4_26_12_53_4 bout,91,downup,similar,7,7
1_395655699_4_27_13_40_46,1_395655699_4_27_13_40_46 bout,134,downup,similar,7,7
1_395656282_4_27_15_4_40,1_395656282_4_27_15_4_40 bout,151,downup,similar,7,7
1_395664295_4_28_10_18_34,1_395664295_4_28_10_18_34 bout,163,downup,similar,7,7
20a,20a bout,215,downup,similar,7,7
26272,26272 s1 bout,237,downup,similar,7,7
3249.1.7,3249.1.7 bout,260,downup,similar,7,7
3263,3263 bout,263,downup,similar,7,7
34083,34083 bout,276,downup,similar,7,7
34091,34091 bout,283,downup,similar,7,7
34094,34094 bout,286,downup,similar,7,7
3861.3.5,3861.3.5 bout,306,downup,similar,7,7
3935.6.7,3935.6.7 bout,313,downup,similar,7,7
4642.3.4,4642.3.4 bout,351,downup,similar,7,7
5863.1,5863.1 bout,365,downup,similar,7,7
6260.2.4,6260.2.4 bout,376,downup,similar,7,7
9713bQuabbinCorner nei,9713bQuabbinCornernei bout,533,downup,similar,7,7
986.3.4,986.3.4 bout,537,downup,similar,7,7
Boston22,Boston22 bout,550,downup,similar,7,7
IESgh1b,IESgh1b bout,555,downup,similar,7,7
IESgh8,IESgh8 bout,559,downup,similar,7,7
13097.1.2,13097.1.2 bout,585,downup,similar,7,7
9708bwildwoodPP,9708bwildwoodPP bout,605,downup,similar,7,7
224606,224606_44k_b1of7,789,downup,similar,7,7
224629,224629_44k_b6of11,791,downup,similar,7,7
XC16985,XC16985_b6of6,800,downup,similar,7,7
1_395645457_4_26_13_5_54,1_395645457_4_26_13_5_54_b2of2,1,downup,similar,8,8
11095.4.5,11095.4.5_b2of2,12,downup,similar,8,8
10520.1.2,10520.1.2 bout,24,downup,similar,8,8
16423.6.8,16423.6.8 bout,55,downup,similar,8,8
16531.5.6,16531.5.6 bout,60,downup,similar,8,8
1686.3.4,1686.3.4 bout,63,downup,similar,8,8
1_395645513_4_26_13_13_58,1_395645513_4_26_13_13_58 bout,99,downup,similar,8,8
1_395655581_4_27_13_23_42,1_395655581_4_27_13_23_42 bout,114,downup,similar,8,8
1_395655663_4_27_13_35_30,1_395655663_4_27_13_35_30 bout,120,downup,similar,8,8
1_395655680_4_27_13_37_56,1_395655680_4_27_13_37_56 bout,132,downup,similar,8,8
2998,2998 bout,254,downup,similar,8,8
3381.1.2,3381.1.2 bout,272,downup,similar,8,8
33844,33844 bout,275,downup,similar,8,8
34090,34090 bout,282,downup,similar,8,8
34149,34149 bout,292,downup,similar,8,8
10936,10936 bout,319,downup,similar,8,8
11085.1.2,11085.1.2 bout,324,downup,similar,8,8
5716.2.13,5716.2.13 bout,360,downup,similar,8,8
5855.3.5,5855.3.5 bout,364,downup,similar,8,8
9709bQuabbinSBnotsure,9709bQuabbinSBnotsure bout,512,downup,similar,8,8
11877,11877 bout,519,downup,similar,8,8
9713bMontague2,9713bMontague2 bout,529,downup,similar,8,8
9994.5.6,9994.5.6 bout,542,downup,similar,8,8
1_395645285_4_26_12_41_8,1_395645285_4_26_12_41_8_b6of6,596,downup,similar,8,8
9204,9204_b20of23,602,downup,similar,8,8
2819.5.8,2819.5.8 bout,243,downup,similar,9,9
3244.5.6,3244.5.6 bout,258,downup,similar,9,9
3251.4.5,3251.4.5 bout,262,downup,similar,9,9
3877.6.7,3877.6.7 bout,307,downup,similar,9,9
4120.2.13,4120.2.13 bout,329,downup,similar,9,9
4610.2.3,4610.2.3 bout,350,downup,similar,9,9
5050.1.2,5050.1.2 bout,355,downup,similar,9,9
6790.3.4,6790.3.4 bout,394,downup,similar,9,9
7012.4.5,7012.4.5 bout,397,downup,similar,9,9
953.4.5,953.4.5 bout,490,downup,similar,9,9
1298.3.4,1298.3.4 bout,580,downup,similar,9,9
13590.1.3,13590.1.3 bout,595,downup,similar,9,9
94460,94460 s1 bout,488,downup,similar,10,10
94461,94461_44k_b20of50,740,downup,similar,10,10
94463,94463_44k_b5of10,759,downup,similar,10,10
94464,94464_b6of30,966,downup,similar,10,10
1703,1703 bout,66,downup,similar,11,11
10025.4.5,10025.4.5 bout,20,sweep,flat,12,12
7454.9.10,7454.9.10 bout,430,sweep,flat,12,12
8119.3.8,8119.3.8 bout,450,sweep,flat,12,12
106759,106759 s1 bout,125,sweep,up,13,13
107017,107017 s1 bout,128,sweep,up,13,13
33135,33135 bout,269,sweep,up,13,13
7878,7878 bout,439,sweep,up,13,13
119474,119474 s1 bout,524,sweep,up,13,13
129063,129063 s1 bout,578,sweep,up,13,13
27191601,27191601_b1of2,615,sweep,up,13,13
57536381,57536381_b3of3,684,sweep,up,13,13
62595431,62595431_b2of2,721,sweep,up,13,13
XC72165,XC72165_b8of14,818,sweep,up,13,13
67470971,67470971_b6of7_bird1,937,sweep,up,13,13
10879,10879 bout,224,sweep,up,14,14
10896,10896 bout,226,sweep,up,14,14
10907,10907 bout,230,sweep,up,14,14
22901,22901 bout,232,sweep,up,14,14
64243,64243 bout,382,sweep,up,14,14
XC125183,XC125183_b2of3,827,sweep,up,14,14
XC177381,XC177381_b1of1,853,sweep,up,14,14
XC269238,XC269238_b12of13,879,sweep,up,14,14
XC324926,XC324926_b3of4,904,sweep,up,14,14
3303.1.2,3303.1.2 bout,268,sweep,down,15,15
34089,34089 bout,281,sweep,down,15,15
9709bPufftonLI,9709bPufftonLI bout,508,sweep,down,15,15
XC52370,XC52370_b1of1,805,sweep,down,15,15
XC210094,XC210094_b3of3,868,sweep,down,15,15
16865,16865_b2of4,13,sweep,down,16,16
19a,19a bout,85,sweep,down,16,16
1_395664347_4_28_10_26_4,1_395664347_4_28_10_26_4 bout,166,sweep,down,16,16
10927,10927 bout,318,sweep,down,16,16
49616,49616 s1 bout,354,sweep,down,16,16
608,608 bout,370,sweep,down,16,16
76556,76556 s1 bout,436,sweep,down,16,16
799.1.4,799.1.4 bout,441,sweep,down,16,16
Boston21acton,Boston21acton bout,549,sweep,down,16,16
12700,12700 bout,576,sweep,down,16,16
28478521,28478521_b1of3,624,sweep,down,16,16
29804411,29804411_b3of5,628,sweep,down,16,16
56023061,56023061_b1of1,673,sweep,down,16,16
214968,214968_44k_b8of8,783,sweep,down,16,16
XC294364,XC294364_12of31,883,sweep,down,16,16
13635.3.6,13635.3.6 bout,30,sweep,down,17,17
17475,17475 bout,76,sweep,down,17,17
6320.10.11.12,6320.10.11.12 bout,379,sweep,down,17,17
7647.13.19,7647.13.19 bout,434,sweep,down,17,17
9214,9214 bout,483,sweep,down,17,17
15429,15429_b1of2,954,sweep,down,17,17
5281,5281 bout,358,sweep,down,18,18
8489.1.2.3,8489.1.2.3 bout,467,sweep,down,18,18
13194,13194 bout,587,sweep,down,18,18
57116861,57116861_b2of3,681,sweep,down,18,18
61752381,61752381_b2of6,713,sweep,down,18,18
527118,527118_44k_b1of1,793,sweep,down,18,18
XC16983,XC16983_b2of4,798,sweep,down,18,18
XC376766,XC376766_b2of6,919,sweep,down,18,18
34088,34088 bout,280,sweep,down,19,19
6764.5.6,6764.5.6 bout,392,sweep,down,19,19
7287.3.5,7287.3.5 bout,410,sweep,down,19,19
XC47096,XC47096_b2of6,804,sweep,down,19,19
47979571,47979571_b6of30,641,sweep,down,20,20
9713bMontague1,9713bMontague1 bout,528,updown,short,21,21
54615501,54615501_b1of4,655,updown,short,21,21
84755,84755_44k_b11of13,737,updown,short,21,21
112089,112089_44k_b3of3,742,updown,short,21,21
176251,176251_44k_b4of4,761,updown,short,21,21
195793,195793_44k_b6of18,778,updown,short,21,21
61069461,61069461_b4of7,706,updown,short,22,22
61136181,61136181_b4of16,710,updown,short,22,22
61229511,61229511_b1of6,711,updown,short,22,22
34576,34576_b3of4,15,updown,short,23,23
9128,9128 bout,478,updown,short,23,23
206461,206461_44k_b8of8,780,updown,short,23,23
XC188094,XC188094_b3of5,857,updown,short,23,23
132218,132218_b5of26,948,updown,short,23,23
15443,15443 s1 bout,43,updown,short,24,24
1_395645193_4_26_12_27_52,1_395645193_4_26_12_27_52 bout,88,updown,short,24,24
1_395664306_4_28_10_20_8,1_395664306_4_28_10_20_8 bout,164,updown,short,24,24
3299.8.9,3299.8.9 bout,267,updown,short,24,24
176252,176252_44k_b2of10,762,updown,short,24,24
XC313469,XC313469_b2of4,893,updown,short,24,24
1702,1702 bout,65,updown,short,25,25
1974.1.3,1974.1.3 bout,83,updown,short,25,25
1980.1.2,1980.1.2 bout,84,updown,short,25,25
1_395645491_4_26_13_10_50,1_395645491_4_26_13_10_50 bout,98,updown,short,25,25
1_395645521_4_26_13_15_4,1_395645521_4_26_13_15_4 bout,100,updown,short,25,25
1_395655422_4_27_13_0_48,1_395655422_4_27_13_0_48 bout,106,updown,short,25,25
1_395655609_4_27_13_27_48,1_395655609_4_27_13_27_48 bout,115,updown,short,25,25
1_395667465_4_28_17_55_0,1_395667465_4_28_17_55_0 bout,210,updown,short,25,25
34092,34092 bout,284,updown,short,25,25
11089.1.2.3,11089.1.2.3 bout,325,updown,short,25,25
4565.2.3,4565.2.3 bout,346,updown,short,25,25
508.4.6,508.4.6 bout,356,updown,short,25,25
5872.1.2,5872.1.2 bout,366,updown,short,25,25
6204.1.2,6204.1.2 bout,372,updown,short,25,25
7223.3.4,7223.3.4 bout,409,updown,short,25,25
7298.12.13,7298.12.13 bout,411,updown,short,25,25
7323,7323 bout,412,updown,short,25,25
8086.4.5.6,8086.4.5.6 bout,444,updown,short,25,25
Boston16,Boston16 bout,546,updown,short,25,25
thayer1,thayer1 bout,563,updown,short,25,25
57105731,57105731_b2of2,680,updown,short,25,25
59630451,59630451_b3of3,697,updown,short,25,25
15436,15436_b3of8,958,updown,short,25,25
1746.1.8,1746.1.8 bout,75,updown,short,26,26
10760,10760 bout,130,updown,short,26,26
2223,2223 bout,218,updown,short,26,26
26263,26263 s1 bout,236,updown,short,26,26
9713awildwoodYS,9713awildwoodYS bout,527,updown,short,26,26
55344231,55344231_b1of2,666,updown,short,26,26
60991241,60991241_b1of11,703,updown,short,26,26
192107,192107_44k_b2of5,774,updown,short,26,26
209314,209314_44k_b5of5,781,updown,short,26,26
XC313467,XC313467_b4of9,891,updown,short,26,26
XC315158,XC315158_b1of1,897,updown,short,26,26
XC327741,XC327741_b4of5,910,updown,short,26,26
73955,73955_b13of16,963,updown,short,26,26
15933.2.3,15933.2.3 bout,50,updown,short,27,27
15983.2.6,15983.2.6 bout,52,updown,short,27,27
16430.3.4,16430.3.4 bout,56,updown,short,27,27
1718.2.4,1718.2.4 bout,71,updown,short,27,27
8643,8643 bout,473,updown,short,27,27
13199,13199 bout,592,updown,short,27,27
Boston4,Boston4_b1of4,612,updown,short,27,27
60835531,60835531_b3of9,701,updown,short,27,27
62788091,62788091_b1of1,722,updown,short,27,27
175596,175596_44k_b6of14,754,updown,short,27,27
XC141461,XC141461_b18of27,846,updown,short,27,27
XC315096,XC315096_b4of8,896,updown,short,27,27
15464.2.8,15464.2.8 bout,44,updown,short,28,28
1_395645220_4_26_12_31_46,1_395645220_4_26_12_31_46 bout,89,updown,short,28,28
1_395645540_4_26_13_17_48,1_395645540_4_26_13_17_48 bout,102,updown,short,28,28
1_395655750_4_27_13_48_2,1_395655750_4_27_13_48_2 bout,138,updown,short,28,28
1_395664528_4_28_10_52_8,1_395664528_4_28_10_52_8 bout,175,updown,short,28,28
1_395664804_4_28_11_31_54,1_395664804_4_28_11_31_54 bout,178,updown,short,28,28
1_395667239_4_28_17_22_26,1_395667239_4_28_17_22_26 bout,196,updown,short,28,28
3918.1.5,3918.1.5 bout,311,updown,short,28,28
4207,4207 bout,334,updown,short,28,28
4494.2.3,4494.2.3 bout,338,updown,short,28,28
9907,9907 bout,538,updown,short,28,28
fourth male,fourthmale bout,554,updown,short,28,28
4703,4703_b4of5,598,updown,short,28,28
Boston1,Boston1_b3of9,610,updown,short,28,28
57170271,57170271_b2of7,682,updown,short,28,28
30946051,30946051_b3of5,921,updown,short,28,28
15438,15438 s1 bout,39,updown,short,29,29
3248.1,3248.1 bout,259,updown,short,29,29
5826.1.5,5826.1.5 bout,363,updown,short,29,29
27647091,27647091_b1of1,621,updown,short,29,29
64238,64238_44k_b4of5,731,updown,short,29,29
XC56891,XC56891_b2of4,807,updown,short,29,29
XC189596,XC189596_b2of9,862,updown,short,29,29
XC309778,XC309778_b2of2,887,updown,short,29,29
63496741,63496741_b1of1,926,updown,short,29,29
1_395656234_4_27_14_57_44,1_395656234_4_27_14_57_44_b4of4,2,updown,short,30,30
15971.1.8,15971.1.8 bout,51,updown,short,30,30
18666,18666 bout,78,updown,short,30,30
1_395645261_4_26_12_37_40,1_395645261_4_26_12_37_40 bout,90,updown,short,30,30
1_395655528_4_27_13_16_6,1_395655528_4_27_13_16_6 bout,112,updown,short,30,30
1_395656002_4_27_14_24_22,1_395656002_4_27_14_24_22 bout,145,updown,short,30,30
1_395656029_4_27_14_28_16,1_395656029_4_27_14_28_16 bout,147,updown,short,30,30
1_395664490_4_28_10_46_36,1_395664490_4_28_10_46_36 bout,173,updown,short,30,30
1_395664843_4_28_11_37_24,1_395664843_4_28_11_37_24 bout,181,updown,short,30,30
1_395667246_4_28_17_23_34,1_395667246_4_28_17_23_34 bout,197,updown,short,30,30
1_395667388_4_28_17_43_58,1_395667388_4_28_17_43_58 bout,205,updown,short,30,30
22191,22191 bout,216,updown,short,30,30
413.2.4,413.2.4 bout,332,updown,short,30,30
5906,5906 bout,368,updown,short,30,30
6203.3.4,6203.3.4 bout,371,updown,short,30,30
952.7.9,952.7.9 bout,489,updown,short,30,30
11533,11533 bout,516,updown,short,30,30
9858.3.4,9858.3.4 bout,536,updown,short,30,30
13197,13197 bout,590,updown,short,30,30
168310,168310_44k_b2of3,750,updown,short,30,30
XC125180,XC125180_b3of3,826,updown,short,30,30
XC131641,XC131641_b28of50,838,updown,short,30,30
XC188824,XC188824_b2of5,859,updown,short,30,30
XC308852,XC308852_b4of4,886,updown,short,30,30
XC325097,XC325097_b2of3,905,updown,short,30,30
62976331,62976331_b11of16,924,updown,short,30,30
76777,76777_b4of17,964,updown,short,30,30
39874,39874 s1 bout,316,updown,short,31,31
55176911,55176911_b1of1,663,updown,short,31,31
195009,195009_44k_b9of11,777,updown,short,31,31
72202241,72202241_b3of23,940,updown,short,31,31
75257731,75257731_b2of11,941,updown,short,31,31
109257,109257_b8of12,947,updown,short,31,31
1_395656197_4_27_14_52_26,1_395656197_4_27_14_52_26 bout,149,updown,short,32,32
9705aQuabbindrive1,9705aQuabbindrive1 bout,497,updown,short,32,32
9713bwildwoodGY,9713bwildwoodGY bout,535,updown,short,32,32
1527,1527 bout,34,updown,short,34,33
15442,15442 s1 bout,42,updown,short,34,33
15791.3.5,15791.3.5 bout,48,updown,short,34,33
1_395655744_4_27_13_47_10,1_395655744_4_27_13_47_10 bout,137,updown,short,34,33
1_395667200_4_28_17_16_52,1_395667200_4_28_17_16_52 bout,194,updown,short,34,33
25456,25456 bout,235,updown,short,34,33
29339,29339 bout,247,updown,short,34,33
3250.2.3,3250.2.3 bout,261,updown,short,34,33
34154,34154 bout,296,updown,short,34,33
372.4.5,372.4.5 bout,303,updown,short,34,33
38506,38506 s1 bout,304,updown,short,34,33
39720,39720 s1 bout,314,updown,short,34,33
10a,10a bout,321,updown,short,34,33
4121.22.23,4121.22.23 bout,330,updown,short,34,33
5115.1.2,5115.1.2 bout,357,updown,short,34,33
8165,8165 bout,458,updown,short,34,33
8590,8590 bout,469,updown,short,34,33
9216,9216 bout,484,updown,short,34,33
954.3.4,954.3.4 bout,491,updown,short,34,33
Boston6,Boston6 bout,552,updown,short,34,33
11973.1.3,11973.1.3 bout,568,updown,short,34,33
12304.8.12,12304.8.12 bout,572,updown,short,34,33
27432141,27432141_b1of3,617,updown,short,34,33
27447641,27447641_b1.06,618,updown,short,34,33
29891771,29891771_b2of3,631,updown,short,34,33
52867771,52867771_b3of4,645,updown,short,34,33
53817481,53817481_b2of5,652,updown,short,34,33
56335081,56335081_b1of4,674,updown,short,34,33
62503991,62503991_b6of18,718,updown,short,34,33
38511,38511_44k_b1of3,726,updown,short,34,33
64236,64236_44k_b3of5,729,updown,short,34,33
176221,176221_44k_b3of5,757,updown,short,34,33
220753,220753_44k_b1of3,787,updown,short,34,33
XC52371,XC52371_b2of4,806,updown,short,34,33
XC176359,XC176359_b4of4,850,updown,short,34,33
XC313309,XC313309_b2of2,889,updown,short,34,33
64129161,64129161_b4of8,930,updown,short,34,33
64713371,64713371_b2of3,932,updown,short,34,33
10474.4.5,10474.4.5 bout,23,updown,short,36,34
105492,105492 s1 bout,27,updown,short,36,34
1_395667322_4_28_17_34_30,1_395667322_4_28_17_34_30 bout,199,updown,short,36,34
2045,2045 bout,212,updown,short,36,34
28826,28826 bout,245,updown,short,36,34
5771.3.4,5771.3.4 bout,361,updown,short,36,34
7015.2.3,7015.2.3 bout,399,updown,short,36,34
7599,7599 bout,432,updown,short,36,34
8148,8148 bout,454,updown,short,36,34
third male,thirdmale bout,564,updown,short,36,34
13196,13196 bout,589,updown,short,36,34
176280,176280_44k_b30of34,764,updown,short,36,34
15433,15433_b1of3,956,updown,short,36,34
17448,17448 bout,73,updown,short,37,35
29348,29348 bout,250,updown,short,37,35
2997,2997 bout,253,updown,short,37,35
11097.1.2,11097.1.2 bout,327,updown,short,37,35
4731,4731 bout,352,updown,short,37,35
8882,8882 bout,475,updown,short,37,35
30356,30356_b4of7,14,updown,short,38,36
13a,13a bout,31,updown,short,38,36
15709.1.3,15709.1.3 bout,47,updown,short,38,36
16393.2.3,16393.2.3 bout,54,updown,short,38,36
16464,16464 bout,57,updown,short,38,36
166.1.9,166.1.9 bout,61,updown,short,38,36
18a,18a bout,82,updown,short,38,36
1_395645406_4_26_12_58_36,1_395645406_4_26_12_58_36 bout,94,updown,short,38,36
1_395655759_4_27_13_49_26,1_395655759_4_27_13_49_26 bout,139,updown,short,38,36
1_395667364_4_28_17_40_32,1_395667364_4_28_17_40_32 bout,202,updown,short,38,36
34098,34098 bout,289,updown,short,38,36
3878.1.2,3878.1.2 bout,308,updown,short,38,36
11058.3.5,11058.3.5 bout,323,updown,short,38,36
4557.1.4,4557.1.4 bout,345,updown,short,38,36
5b,5b bout,369,updown,short,38,36
64241,64241 bout,381,updown,short,38,36
11102.1.2,11102.1.2 bout,417,updown,short,38,36
7453.2.5,7453.2.5 bout,429,updown,short,38,36
7643.4.5,7643.4.5 bout,433,updown,short,38,36
8334.2.4,8334.2.4 bout,462,updown,short,38,36
9705awildwoodCenter,9705awildwoodCenter bout,500,updown,short,38,36
9713bMontague3,9713bMontague3 bout,530,updown,short,38,36
9977.3.4,9977.3.4 bout,541,updown,short,38,36
IESgh7,IESgh7 bout,558,updown,short,38,36
12865,12865 bout,577,updown,short,38,36
13559.5.6,13559.5.6 bout,594,updown,short,38,36
29810211,29810211_b19of19,629,updown,short,38,36
55554691,55554691_b1of5,668,updown,short,38,36
63970,63970_44k_b6of8,728,updown,short,38,36
167877,167877_44k_b5of5,749,updown,short,38,36
XC133489,XC133489_b2of15,839,updown,short,38,36
XC133534,XC133534_b3of3_bird2,841,updown,short,38,36
XC313468,XC313468_3of7,892,updown,short,38,36
XC320440,XC320440_b7of13,899,updown,short,38,36
70160751,70160751_b1of1,939,updown,short,38,36
1_395656487_4_27_15_34_16,1_395656487_4_27_15_34_16 bout,155,updown,short,39,37
1_395664089_4_28_9_48_56,1_395664089_4_28_9_48_56 bout,157,updown,short,39,37
1_395664173_4_28_10_0_58,1_395664173_4_28_10_0_58 bout,158,updown,short,39,37
9708bPO,9708bPO bout,504,updown,short,39,37
53817461,53817461_b3of7,651,updown,short,39,37
14102,14102 bout,32,updown,short,40,38
12381,12381 bout,574,updown,short,40,38
XC184387,XC184387_b7of11,856,updown,short,40,38
XC293008,XC293008_b2of16,881,updown,short,40,38
15426,15426_b7of7,952,updown,short,40,38
34100,34100 bout,290,updown,short,41,39
13195,13195 bout,588,updown,short,41,39
55584461,55584461_b2of2,669,updown,short,41,39
61916011,61916011_b2of8,716,updown,short,41,39
224622,224622_44k_b10of12,790,updown,short,41,39
XC13646,XC13646_b2of5,796,updown,short,41,39
1_395656465_4_27_15_31_4,1_395656465_4_27_15_31_4 bout,154,updown,short,43,40
22193,22193 bout,217,updown,short,43,40
17033,17033 bout,67,updown,short,44,41
1_395667403_4_28_17_46_10,1_395667403_4_28_17_46_10 bout,207,updown,short,44,41
56464981,56464981_b2of2,675,updown,short,44,41
6717.8.9,6717.8.9 bout,388,updown,short,45,42
4521.4.8,4521.4.8 bout,342,updown,short,46,43
130474,130474 s1 bout,582,updown,short,46,43
55265651,55265651_b1of6,664,updown,short,46,43
172257,172257_44k_b1of4,753,updown,short,46,43
516141,516141_44k_b1of6,792,updown,short,46,43
57546081,57546081_b3of4,685,updown,similar,47,44
65614601,65614601_b1of2_bird2,934,updown,similar,47,44
16050,16050 bout,53,updown,long,48,45
1_395664557_4_28_10_56_14,1_395664557_4_28_10_56_14 bout,176,updown,long,48,45
1_395664973_4_28_11_56_10,1_395664973_4_28_11_56_10 bout,186,updown,long,48,45
8588,8588 bout,468,updown,long,48,45
9713aRiver2,9713aRiver2 bout,526,updown,long,48,45
27646801,27646801_b1of7,620,updown,long,48,45
54868471,54868471_b2of2,659,updown,long,48,45
58447071,58447071_b9of9,692,updown,long,48,45
XC100725,XC100725_b1of1,810,updown,long,48,45
XC359412,XC359412_b2of3,911,updown,long,48,45
XC364591,XC364591_b5of8,913,updown,long,48,45
65256221,65256221_b4of4,933,updown,long,48,45
10459.1.2,10459.1.2 bout,22,updown,long,49,46
15439,15439 s1 bout,40,updown,long,49,46
1_395655453_4_27_13_5_16,1_395655453_4_27_13_5_16 bout,108,updown,long,49,46
26284,26284 s1 bout,238,updown,long,49,46
84583,84583 s1 bout,464,updown,long,49,46
11795.3.4,11795.3.4 bout,518,updown,long,49,46
Boston18,Boston18 bout,547,updown,long,49,46
29912751,29912751_b5of5,632,updown,long,49,46
59229281,59229281_b7of18,696,updown,long,49,46
61915841,61915841_b2.22.80,715,updown,long,49,46
62534811,62534811_b4of4,720,updown,long,49,46
141608,141608_44k_b2of6,745,updown,long,49,46
176208,176208_44k_b5of5,756,updown,long,49,46
XC82109,XC82109_b1of6,823,updown,long,49,46
XC142341,XC142341_b2of8,847,updown,long,49,46
42245,42245_b7of16,961,updown,long,49,46
93745,93745_b9of9,965,updown,long,49,46
XC376768,XC376768_b1of1,967,updown,long,49,46
15432,15432 s1 bout,36,updown,long,50,47
1_395645170_4_26_12_24_30,1_395645170_4_26_12_24_30 bout,87,updown,long,50,47
1_395664471_4_28_10_43_52,1_395664471_4_28_10_43_52 bout,171,updown,long,50,47
22882,22882 s1 bout,220,updown,long,50,47
24426,24426 bout,234,updown,long,50,47
28741,28741 bout,244,updown,long,50,47
3268,3268 bout,264,updown,long,50,47
34147,34147 bout,291,updown,long,50,47
40677,40677 s1 bout,328,updown,long,50,47
8157,8157 bout,455,updown,long,50,47
118862,118862 s1 bout,520,updown,long,50,47
13200,13200 bout,593,updown,long,50,47
31356151,31356151_b1of8,636,updown,long,50,47
189871,189871_44k_b6of10,770,updown,long,50,47
XC61635,XC61635_b2of2,808,updown,long,50,47
XC131638,XC131638_b7of7,835,updown,long,50,47
XC138703,XC138703_b2of4,843,updown,long,50,47
XC138781,XC138781_b1of1,844,updown,long,50,47
XC312321,XC312321_b4of10,888,updown,long,50,47
1_395664618_4_28_11_5_8,1_395664618_4_28_11_5_8_b1of2_bird1,4,buzz,second,51,48
1013.2.8,1013.2.8 bout,21,buzz,second,51,48
17055,17055 bout,69,buzz,second,51,48
17096,17096 bout,70,buzz,second,51,48
1_395645565_4_26_13_21_28,1_395645565_4_26_13_21_28 bout,105,buzz,second,51,48
1_395664990_4_28_11_58_34,1_395664990_4_28_11_58_34 bout,187,buzz,second,51,48
33766,33766 bout,271,buzz,second,51,48
33842,33842 bout,274,buzz,second,51,48
3902,3902 bout,310,buzz,second,51,48
6207.1.5,6207.1.5 bout,373,buzz,second,51,48
7345.2.3,7345.2.3 bout,414,buzz,second,51,48
7655.2.3,7655.2.3 bout,435,buzz,second,51,48
8074.1.2,8074.1.2 bout,443,buzz,second,51,48
8106,8106 bout,449,buzz,second,51,48
8161,8161 bout,457,buzz,second,51,48
8717.1.4,8717.1.4 bout,474,buzz,second,51,48
8a,8a bout,476,buzz,second,51,48
9290.2.5,9290.2.5 bout,486,buzz,second,51,48
9377,9377 bout,487,buzz,second,51,48
13198,13198 bout,591,buzz,second,51,48
176261,176261_44k_b5of11,763,buzz,second,51,48
3017,3017 bout,255,buzz,second,52,49
11096.2.3,11096.2.3 bout,326,buzz,second,52,49
4493.2.4,4493.2.4 bout,337,buzz,second,52,49
13089.1.3,13089.1.3 bout,584,buzz,second,52,49
XC83733,XC83733_b2of7,825,buzz,second,52,49
10010,10010 bout,19,buzz,second,53,50
15431,15431 s1 bout,35,buzz,second,53,50
106563,106563 s1 bout,122,buzz,second,53,50
3984.4.8,3984.4.8 bout,315,buzz,second,53,50
7795,7795 bout,438,buzz,second,53,50
9156,9156 bout,480,buzz,second,53,50
55891391,55891391_b3of8,671,buzz,second,53,50
57327041,57327041_b2of3,683,buzz,second,53,50
60825391,60825391_b1of2,700,buzz,second,53,50
XC182933,XC182933_b3of5,855,buzz,second,53,50
XC206093,XC206093_b20of24,867,buzz,second,53,50
XC325938,XC325938_b1of1,907,buzz,second,53,50
1_395645383_4_26_12_55_14,1_395645383_4_26_12_55_14 bout,92,buzz,second,54,51
4514.2.6,4514.2.6 bout,341,buzz,second,54,51
5815.6.8,5815.6.8 bout,362,buzz,second,54,51
7349,7349 bout,416,buzz,second,54,51
9709bPufftonPG,9709bPufftonPG bout,510,buzz,second,54,51
Boston14a,Boston14a bout,545,buzz,second,54,51
11057.4.6,11057.4.6 bout,322,buzz,second,55,52
6748.7.8,6748.7.8 bout,389,buzz,second,55,52
8087.6.7,8087.6.7 bout,445,buzz,second,55,52
106527,106527 s1 bout,121,buzz,second,56,53
107540,107540 s1 bout,129,buzz,second,56,53
10897,10897 bout,227,buzz,second,56,53
22899,22899 bout,231,buzz,second,56,53
49496,49496 s1 bout,353,buzz,second,56,53
64244,64244 s1 bout,383,buzz,second,56,53
7179,7179 bout,404,buzz,second,56,53
XC79970,XC79970_b2of4,821,buzz,second,56,53
XC125190,XC125190_b7of11,831,buzz,second,56,53
XC373249,XC373249_b2of3,915,buzz,second,56,53
51073421,51073421_b1of6,922,buzz,second,56,53
18728,18728 bout,79,buzz,alone,57,54
18819,18819 bout,81,buzz,alone,57,54
3287.1.8,3287.1.8 bout,266,buzz,alone,57,54
34913,34913 bout,299,buzz,alone,57,54
34988,34988 bout,300,buzz,alone,57,54
7204,7204 bout,407,buzz,alone,57,54
166698,166698_44k_b12of17,606,buzz,alone,57,54
59170581,59170581_b2of3,695,buzz,alone,57,54
62507851,62507851_b3of3,719,buzz,alone,57,54
XC125192,XC125192_b1of2_bird1,832,buzz,alone,57,54
XC289051,XC289051_b2of2,880,buzz,alone,57,54
XC294302,XC294302_b7of8,882,buzz,alone,57,54
75263881,75263881_b18of19,942,buzz,alone,57,54
10770,10770 bout,221,buzz,first,58,55
26911,26911 bout,240,buzz,first,58,55
73829,73829 s1 bout,428,buzz,first,58,55
138523,138523_44k_b1of14,743,buzz,first,58,55
172206,172206_44k_b4of8,752,buzz,first,58,55
XC195560,XC195560_b1of8,863,buzz,first,58,55
XC205466,XC205466_b17of26,866,buzz,first,58,55
XC253942,XC253942_b2of3,873,buzz,first,58,55
Boston12,Boston12b_b3of5,17,buzz,first,59,56
1_395655532_4_27_13_16_38,1_395655532_4_27_13_16_38 bout,113,buzz,first,59,56
106641,106641 s1 bout,123,buzz,first,59,56
106704,106704 s1 bout,124,buzz,first,59,56
22902,22902 bout,233,buzz,first,59,56
29562,29562 bout,252,buzz,first,59,56
7135,7135 bout,403,buzz,first,59,56
11465,11465 bout,425,buzz,first,59,56
80351,80351 s1 bout,442,buzz,first,59,56
119431,119431 s1 bout,523,buzz,first,59,56
bird3a,bird3a bout,543,buzz,first,59,56
IESgh4,IESgh4 bout,556,buzz,first,59,56
47744191,47744191_b3of37,640,buzz,first,59,56
54632481,54632481_b8of10,656,buzz,first,59,56
54947101,54947101_b11of13,661,buzz,first,59,56
62880971,62880971_b2of3,723,buzz,first,59,56
15421,15421_44k_b7of11,724,buzz,first,59,56
44360,44360_44k_b3of8,727,buzz,first,59,56
171947,171947_44k_b7of25,751,buzz,first,59,56
177868,177868_44k_b6of6,765,buzz,first,59,56
181462,181462_44k_b1of8,769,buzz,first,59,56
XC111473,XC111473_b4of5,816,buzz,first,59,56
XC125186,XC125186_b2of8,829,buzz,first,59,56
XC269237,XC269237_b2of6,878,buzz,first,59,56
XC320337,XC320337_b6of6,898,buzz,first,59,56
XC322656,XC322656_b8of21,901,buzz,first,59,56
22883,22883_b5of9,960,buzz,first,59,56
1482,1482 bout,33,buzz,first,60,57
1_395655690_4_27_13_39_26,1_395655690_4_27_13_39_26 bout,133,buzz,first,60,57
44647,44647 bout,336,buzz,first,60,57
4550.1.3,4550.1.3 bout,344,buzz,first,60,57
WR1,WR1 bout,566,buzz,first,60,57
33843,33843 bout_b17of31,600,buzz,first,60,57
59701521,59701521_b1of4,699,buzz,first,60,57
61082981,61082981_b2of4,708,buzz,first,60,57
191234,191234_44k_b4of8,772,buzz,first,60,57
XC246585,XC246585_b2of5,872,buzz,first,60,57
XC302537,XC302537_b1of10,884,buzz,first,60,57
64640681,64640681_b2of2,931,buzz,first,60,57
1_395655956_4_27_14_17_40,1_395655956_4_27_14_17_40 bout,141,buzz,first,61,58
34096,34096 bout,288,buzz,first,61,58
34150,34150 bout,293,buzz,first,61,58
9288.3.6,9288.3.6 bout,485,buzz,first,61,58
26292371,26292371_b5of6,614,buzz,first,61,58
XC31305,XC31305_b6of7,802,buzz,first,61,58
1_395636185_4_25_14_50_40,1_395636185_4_25_14_50_40 bout,86,buzz,first,62,59
1_395655643_4_27_13_32_44,1_395655643_4_27_13_32_44 bout,118,buzz,first,62,59
1_395664876_4_28_11_42_14,1_395664876_4_28_11_42_14 bout,184,buzz,first,62,59
1_395667426_4_28_17_49_26,1_395667426_4_28_17_49_26 bout,209,buzz,first,62,59
34085,34085 bout,278,buzz,first,62,59
3901.1.11,3901.1.11 bout,309,buzz,first,62,59
4566.2.3,4566.2.3 bout,347,buzz,first,62,59
6209.1,6209.1 bout,374,buzz,first,62,59
8176,8176 bout,461,buzz,first,62,59
9713bMontague4,9713bMontague4 bout,531,buzz,first,62,59
9941,9941 bout,540,buzz,first,62,59
64237,64237_44k_b11of13,730,buzz,first,62,59
191266,191266_44k_b5of10,773,buzz,first,62,59
213694,213694_44k_b1of13,782,buzz,first,62,59
219595,219595_44k_b3of4,784,buzz,first,62,59
XC83519,XC83519_b1of1,824,buzz,first,62,59
16525.3.4,16525.3.4 bout,59,buzz,first,63,60
106878,106878 s1 bout,126,buzz,first,63,60
1_395664865_4_28_11_40_42,1_395664865_4_28_11_40_42 bout,183,buzz,first,63,60
1_395667350_4_28_17_38_24,1_395667350_4_28_17_38_24 bout,200,buzz,first,63,60
29353,29353 bout,251,buzz,first,63,60
3529,3529 bout,301,buzz,first,63,60
4525.4.5,4525.4.5 bout,343,buzz,first,63,60
6336.2.9,6336.2.9 bout,380,buzz,first,63,60
6763.2.6,6763.2.6 bout,391,buzz,first,63,60
9708bMorril1,9708bMorril1 bout,503,buzz,first,63,60
9708bWS,9708bWS bout,506,buzz,first,63,60
13110.2.8.9,13110.2.8.9 bout,586,buzz,first,63,60
28295391,28295391_b6of6,623,buzz,first,63,60
55143861,55143861_b3of14,662,buzz,first,63,60
55340881,55340881_b1of1,665,buzz,first,63,60
XC1256,XC1256_b1of1,794,buzz,first,63,60
XC17172,XC17172_b1of2_bird2,801,buzz,first,63,60
XC325446,XC325446_b4of5_bird1,906,buzz,first,63,60
63757551,63757551_b1of2,928,buzz,first,63,60
15423,15423_b9of16,949,buzz,first,63,60
10878,10878 bout,223,buzz,first,64,61
10905,10905 bout,229,buzz,first,64,61
31210,31210 bout,257,buzz,first,64,61
11448,11448 bout,424,buzz,first,64,61
11467,11467 bout,426,buzz,first,64,61
129066,129066 s1 bout,579,buzz,first,64,61
61683011,61683011_b1of5,712,buzz,first,64,61
73848,73848_44k_b1of21,735,buzz,first,64,61
XC104951,XC104951_b2of7,814,buzz,first,64,61
XC76506,XC76506_b1of2,819,buzz,first,64,61
XC131573,XC131573_b1of1,834,buzz,first,64,61
63391781,63391781_b4of5,925,buzz,first,64,61
7048,7048 bout,400,buzz,first,65,62
118865,118865 bout,521,buzz,first,65,62
12376,12376 bout,573,buzz,first,65,62
106500,106500_44k_b2of3,741,buzz,first,65,62
141599,141599_44k_b2of6,744,buzz,first,65,62
164429,164429_44k_b4of5,747,buzz,first,65,62
179374,179374_44k_b4of11,766,buzz,first,65,62
179993,179993_44k_b1of23,768,buzz,first,65,62
XC12579,XC12579_b1of2,795,buzz,first,65,62
XC77992,XC77992_b5of6,820,buzz,first,65,62
XC125185,XC125185_b1of6,828,buzz,first,65,62
XC170986,XC170986_b3of9,849,buzz,first,65,62
XC188159,XC188159_b2of7,858,buzz,first,65,62
XC189595,XC189595_b2of8,861,buzz,first,65,62
XC378424,XC378424_b2of6,920,buzz,first,65,62
67370131,67370131_b6of6,936,buzz,first,65,62
50145,50145_b20of23,962,buzz,first,65,62
7753,7753 bout,437,buzz,first,66,63
9150,9150 bout,479,buzz,first,66,63
18736,18736 bout,80,buzz,first,67,64
63030,63030 s1 bout,378,buzz,first,67,64
XC139882,XC139882_b4of4,845,buzz,first,67,64
XC195836,XC195836_b3of7,864,buzz,first,67,64
15427,15427_b3of9,953,buzz,first,67,64
6270.1.3,6270.1.3 bout,377,double,updown,68,65
6633.8.10,6633.8.10 bout,387,double,updown,68,65
6789.2.6,6789.2.6 bout,393,double,updown,68,65
7220.1.3,7220.1.3 bout,408,double,updown,68,65
7344.3.4,7344.3.4 bout,413,double,updown,68,65
9208,9208 bout,482,double,updown,68,65
9713aRiver1,9713aRiver1 bout,525,double,downsweep,69,66
29855421,29855421_b2of3,630,double,downsweep,69,66
48237091,48237091_b22of24,642,double,downsweep,69,66
190909,190909_44k_b11of11,771,double,downsweep,69,66
XC177136,XC177136_b3of19,852,double,downsweep,69,66
XC236651,XC236651_2of2,871,double,downsweep,69,66
15435,15435 s1 bout,37,double,downup,70,67
1_395645533_4_26_13_16_46,1_395645533_4_26_13_16_46 bout,101,double,downup,70,67
1_395655511_4_27_13_13_42,1_395655511_4_27_13_13_42 bout,111,double,downup,70,67
1_395655776_4_27_13_51_48,1_395655776_4_27_13_51_48 bout,140,double,downup,70,67
1_395664340_4_28_10_25_0,1_395664340_4_28_10_25_0 bout,165,double,downup,70,67
1_395664407_4_28_10_34_40,1_395664407_4_28_10_34_40 bout,168,double,downup,70,67
29340,29340 bout,248,double,downup,70,67
34087,34087 bout,279,double,downup,70,67
34153,34153 bout,295,double,downup,70,67
112135,112135 s1 bout,422,double,downup,70,67
9705aQuabbin9,9705aQuabbin9 bout,496,double,downup,70,67
9705awildwood1,9705awildwood1 bout,499,double,downup,70,67
9705awildwooddown,9705awildwooddown bout,501,double,downup,70,67
IESgh6,IESgh6 bout,557,double,downup,70,67
11b,11b bout,569,double,downup,70,67
55470981,55470981_b1of3,667,double,downup,70,67
219652,219652_44k_b2of3,785,double,downup,70,67
XC107570,XC107570_b1of4,815,double,downup,70,67
56336181,56336181_b6of9,923,double,downup,70,67
XC253974,XC253974_b7of9,876,double,downup,71,68
27575581,27575581_b3of4,619,double,similar,72,69
56760661,56760661_b2of2,679,double,similar,72,69
54719121,54719121_b1of1,658,double,upsweep,73,70
XC322659,XC322659_b15of16,903,double,upsweep,73,70
53487311,53487311_b1of1,650,double,updown,74,71
61110051,61110051_b2of4,709,double,updown,74,71
192108,192108_44k_b3of4_bird2,776,double,updown,74,71
8146,8146 bout,452,double,updown,75,72
53420611,53420611_b2of4,649,double,updown,75,72
62047421,62047421_b1of2,717,double,updown,75,72
XC70985,XC70985_b2of2,817,double,updown,75,72
192108,192108_44k_b2of4_bird1,775,double,downup,76,73
XC321209,XC321209_b3of6,900,double,downup,76,73
30045451,30045451_b1of1,633,double,buzz,77,74
31668351,31668351_b2of4,637,double,buzz,77,74
1_395636144_4_25_14_44_48,1_395636144_4_25_14_44_48_b1of1,0,complex,,78,75
2477.1.4,2477.1.4_b2of2,9,complex,,78,75
10548,10548 bout,26,complex,,78,75
15492.2.3,15492.2.3 bout,46,complex,,78,75
16a,16a bout,64,complex,,78,75
1_395645392_4_26_12_56_32,1_395645392_4_26_12_56_32 bout,93,complex,,78,75
1_395655723_4_27_13_44_12,1_395655723_4_27_13_44_12 bout,135,complex,,78,75
1_395655967_4_27_14_19_22,1_395655967_4_27_14_19_22 bout,142,complex,,78,75
1_395656010_4_27_14_25_34,1_395656010_4_27_14_25_34 bout,146,complex,,78,75
1_395665043_4_28_12_6_16,1_395665043_4_28_12_6_16 bout,191,complex,,78,75
1_395665063_4_28_12_9_12,1_395665063_4_28_12_9_12 bout,193,complex,,78,75
1_395667362_4_28_17_40_10,1_395667362_4_28_17_40_10 bout,201,complex,,78,75
1_395667521_4_28_18_3_6,1_395667521_4_28_18_3_6 bout,211,complex,,78,75
34156,34156 bout,298,complex,,78,75
4513.2.3,4513.2.3 bout,340,complex,,78,75
9713bMontague5,9713bMontague5 bout,532,complex,,78,75
IESpsb1,IESpsb1 bout,560,complex,,78,75
9705aQuabbin6,9705aQuabbin6 bout,604,complex,,78,75
Boston13b,Boston13b_b3of5,609,complex,,78,75
Boston2,Boston2_b8of15,611,complex,,78,75
36028431,36028431_b1of1,639,complex,,78,75
53366871,53366871_b2of2,648,complex,,78,75
54636381,54636381_b3of4,657,complex,,78,75
58183101,58183101_b1of1,688,complex,,78,75
166621,166621_44k_b5of6,748,complex,,78,75
15424,15424_b19of35,950,complex,,78,75
15425,15425_b6of14,951,complex,,78,75
15444,15444_b13of18,959,complex,,78,75
Boston26,Boston26,,complex,,78,75
6251.5.65,6251.5.65 bout,375,updown,changes,79,76
111029,111029 bout,418,updown,changes,79,76
126472,126472 bout,575,updown,changes,79,76
57546521,57546521_b5of6,686,double,updown,,77
16474,16474 bout,58,complex,,,78
1719.1.3,1719.1.3 bout,72,updown,long,,79
1_395664384_4_28_10_31_18,1_395664384_4_28_10_31_18 bout,167,updown,short,,80
27948,27948 bout,242,updown,similar,,81
3279,3279 bout,265,sweep,down,,82
38507,38507 bout,305,complex,,,83
6603,6603 bout,385,complex,,,84
11472,11472 bout,515,complex,,,85
9713bQuabbinYYweird,9713bQuabbinYYweird bout,534,downup,long,,86
bird4b,bird4b bout,608,sweep,down,,87
25574571,25574571_b1of2,613,complex,,,88
52595781,52595781_b4of5,644,updown,short,,89
52971811,52971811_b1of1,646,buzz,second,,90
54367981,54367981_b1of2,654,updown,long,,91
55941541,55941541_b1of1,672,downup,similar,,92
56466101,56466101_b1of2,677,double,updown,,93
60937361,60937361_b1of4,702,complex,,,94
64239,64239_44k_b3of3,732,complex,,,95
87491,87491_44k_b1of4,739,complex,,,96
146257,146257_44k_b9of10,746,downup,long,,97
224604,224604_44k_b4of7,788,complex,,,98
XC14415,XC14415_b8of10,797,complex,,,99
XC6244,XC6244_b3of3,809,updown,short,,100
XC81357,XC81357_b4of4,822,sweep,down,,101
XC131639,XC131639_b16of32,836,sweep,down,,102
XC131640,XC131640_b1of10,837,double,buzz,,103
XC137480,XC137480_b22of26,842,complex,,,104
XC179122,XC179122_b13of22,854,double,downup,,105
XC253975,XC253975_b2of3,877,double,buzz,,106
XC308415,XC308415_b2of2,885,complex,,,107
XC326708,XC326708_b2of7,908,sweep,up,,108
XC363865,XC363865_b2of8,912,double,upsweep,,109
XC376219,XC376219_b1of2,917,complex,,,110
65614601,65614601_b3of3_bird1,935,complex,,,111
107546,107546_b3.23.50,946,updown,similar,,112
